,index,station,linename,traffic,join_station_line,lat,long,county_name,income2011
0,175,ATL AV-BARCLAY,BDNQR2345,41608.9450549,ATL AV-BARCLAY BDNQR2345,40.683928,-73.978412,Brooklyn,87875.0
1,175,ATL AV-BARCLAY,BDNQR2345,41608.9450549,ATL AV-BARCLAY BDNQR2345,40.664891,-73.922675,Brooklyn,27104.0
2,131,66 ST-LINCOLN,1,40710.6153846,66 ST-LINCOLN 1,40.75102,-73.990323,Manhattan,155278.0
3,131,66 ST-LINCOLN,1,40710.6153846,66 ST-LINCOLN 1,40.773457,-73.982004,Manhattan,142452.0
4,131,66 ST-LINCOLN,1,40710.6153846,66 ST-LINCOLN 1,40.767863,-73.963898,Manhattan,152353.0
5,82,28 ST,6,40149.8571429,28 ST 6,40.74018,-73.986006,Manhattan,98555.0
6,82,28 ST,6,40149.8571429,28 ST 6,40.743257,-73.983738,Manhattan,91431.0
7,440,SUTPHIN-ARCHER,EJZ,39479.6593407,SUTPHIN-ARCHER EJZ,40.831466,-73.86741,the Bronx,35795.0
8,440,SUTPHIN-ARCHER,EJZ,39479.6593407,SUTPHIN-ARCHER EJZ,40.700554,-73.807353,Queens,50417.0
9,440,SUTPHIN-ARCHER,EJZ,39479.6593407,SUTPHIN-ARCHER EJZ,40.701874,-73.801747,Queens,37184.0
10,116,51 ST,6,39458.8,51 ST 6,40.757059,-73.97157,Manhattan,98977.0
11,116,51 ST,6,39458.8,51 ST 6,40.744552,-73.948425,Queens,81731.0
12,148,8 AV,ACEL,39332.3626374,8 AV ACEL,40.731397,-73.982112,Manhattan,88595.0
13,148,8 AV,ACEL,39332.3626374,8 AV ACEL,40.714439,-73.94419,Brooklyn,67946.0
14,306,GRAND ST,BD,38733.8461538,GRAND ST BD,40.830177,-73.891482,the Bronx,17614.0
15,306,GRAND ST,BD,38733.8461538,GRAND ST BD,40.75283,-73.978917,Manhattan,131786.0
16,306,GRAND ST,BD,38733.8461538,GRAND ST BD,40.718155,-73.993452,Manhattan,42775.0
17,306,GRAND ST,BD,38733.8461538,GRAND ST BD,40.862608,-73.896662,the Bronx,26190.0
18,306,GRAND ST,BD,38733.8461538,GRAND ST BD,40.874902,-73.879267,the Bronx,38875.0
19,306,GRAND ST,BD,38733.8461538,GRAND ST BD,40.706911,-74.010494,Manhattan,125124.0
20,306,GRAND ST,BD,38733.8461538,GRAND ST BD,40.67953,-73.885716,Brooklyn,37634.0
21,306,GRAND ST,BD,38733.8461538,GRAND ST BD,40.711912,-73.940433,Brooklyn,59762.0
22,306,GRAND ST,BD,38733.8461538,GRAND ST BD,40.711065,-74.010644,Manhattan,114412.0
23,241,CHAMBERS ST,123,37228.9450549,CHAMBERS ST 123,40.715576,-74.009031,Manhattan,205192.0
24,241,CHAMBERS ST,123,37228.9450549,CHAMBERS ST 123,40.680695,-73.974748,Brooklyn,88036.0
25,241,CHAMBERS ST,123,37228.9450549,CHAMBERS ST 123,40.697649,-73.99306,Brooklyn,91250.0
26,241,CHAMBERS ST,123,37228.9450549,CHAMBERS ST 123,40.714992,-74.007739,Manhattan,205192.0
27,291,FOREST HILLS 71,EFMR,37169.7472527,FOREST HILLS 71 EFMR,40.874308,-73.909795,Manhattan,34354.0
28,291,FOREST HILLS 71,EFMR,37169.7472527,FOREST HILLS 71 EFMR,40.641379,-73.994188,Brooklyn,27355.0
29,291,FOREST HILLS 71,EFMR,37169.7472527,FOREST HILLS 71 EFMR,40.721916,-73.844352,Queens,90286.0
30,291,FOREST HILLS 71,EFMR,37169.7472527,FOREST HILLS 71 EFMR,40.651608,-73.975596,Brooklyn,78380.0
31,291,FOREST HILLS 71,EFMR,37169.7472527,FOREST HILLS 71 EFMR,40.690142,-73.871633,Brooklyn,50643.0
32,291,FOREST HILLS 71,EFMR,37169.7472527,FOREST HILLS 71 EFMR,40.706115,-73.895559,Queens,63617.0
33,291,FOREST HILLS 71,EFMR,37169.7472527,FOREST HILLS 71 EFMR,40.704729,-73.902243,Queens,45273.0
34,24,14 ST,123FLM,37064.6373626,14 ST 123FLM,,,,
35,73,23 ST,CE,36725.2637363,23 ST CE,40.746483,-73.997142,Manhattan,114655.0
36,339,JUNCTION BLVD,7,36529.6043956,JUNCTION BLVD 7,40.820819,-73.890442,the Bronx,21114.0
37,339,JUNCTION BLVD,7,36529.6043956,JUNCTION BLVD 7,40.742405,-73.94811,Queens,81731.0
38,339,JUNCTION BLVD,7,36529.6043956,JUNCTION BLVD 7,40.749095,-73.86912,Queens,40774.0
39,339,JUNCTION BLVD,7,36529.6043956,JUNCTION BLVD 7,40.705341,-73.81186,Queens,41009.0
40,339,JUNCTION BLVD,7,36529.6043956,JUNCTION BLVD 7,40.707062,-73.804332,Queens,37107.0
41,339,JUNCTION BLVD,7,36529.6043956,JUNCTION BLVD 7,40.59502,-73.95512,Brooklyn,41154.0
42,226,BROOKLYN BRIDGE,456JZ,35856.6666667,BROOKLYN BRIDGE 456JZ,40.645046,-73.948684,Brooklyn,34019.0
43,226,BROOKLYN BRIDGE,456JZ,35856.6666667,BROOKLYN BRIDGE 456JZ,40.713899,-74.003642,Manhattan,135573.0
44,226,BROOKLYN BRIDGE,456JZ,35856.6666667,BROOKLYN BRIDGE 456JZ,40.867766,-73.897039,the Bronx,39816.0
45,226,BROOKLYN BRIDGE,456JZ,35856.6666667,BROOKLYN BRIDGE 456JZ,40.873528,-73.889754,the Bronx,53795.0
46,226,BROOKLYN BRIDGE,456JZ,35856.6666667,BROOKLYN BRIDGE 456JZ,40.80758,-73.918957,the Bronx,32875.0
47,226,BROOKLYN BRIDGE,456JZ,35856.6666667,BROOKLYN BRIDGE 456JZ,40.644272,-73.964528,Brooklyn,78125.0
48,226,BROOKLYN BRIDGE,456JZ,35856.6666667,BROOKLYN BRIDGE 456JZ,40.635468,-74.023313,Brooklyn,40758.0
49,155,86 ST,1,35486.8901099,86 ST 1,40.788272,-73.976083,Manhattan,133427.0
50,155,86 ST,1,35486.8901099,86 ST 1,40.779661,-73.955302,Manhattan,104514.0
51,155,86 ST,1,35486.8901099,86 ST 1,40.679828,-73.850401,Queens,56743.0
52,155,86 ST,1,35486.8901099,86 ST 1,40.679361,-73.860284,Queens,53678.0
53,155,86 ST,1,35486.8901099,86 ST 1,40.786769,-73.968448,Manhattan,103182.0
54,155,86 ST,1,35486.8901099,86 ST 1,40.592724,-73.978227,Brooklyn,43929.0
55,155,86 ST,1,35486.8901099,86 ST 1,40.623498,-74.028204,Brooklyn,53184.0
56,75,23 ST,NR,35453.2417582,23 ST NR,40.741208,-73.989639,Manhattan,120766.0
57,75,23 ST,NR,35453.2417582,23 ST NR,40.645619,-74.013688,Brooklyn,31649.0
58,26,14 ST,FLM123,35431.7582418,14 ST FLM123,40.837306,-73.887287,the Bronx,18261.0
59,444,THIRTY THIRD ST,1,35231.1428571,THIRTY THIRD ST 1,40.641314,-73.963996,Brooklyn,50408.0
60,25,14 ST,ACEL,33754.4065934,14 ST ACEL,40.737826,-74.000201,Manhattan,94292.0
61,25,14 ST,ACEL,33754.4065934,14 ST ACEL,40.592897,-73.775715,Queens,18370.0
62,25,14 ST,ACEL,33754.4065934,14 ST ACEL,40.741046,-74.001284,Manhattan,94292.0
63,25,14 ST,ACEL,33754.4065934,14 ST ACEL,40.825581,-73.943444,Manhattan,38786.0
64,25,14 ST,ACEL,33754.4065934,14 ST ACEL,40.738678,-73.995632,Manhattan,150110.0
65,25,14 ST,ACEL,33754.4065934,14 ST ACEL,40.73955,-74.002389,Manhattan,85859.0
66,25,14 ST,ACEL,33754.4065934,14 ST ACEL,40.668527,-73.901765,Brooklyn,12288.0
67,312,GROVE STREET,1,33269.5164835,GROVE STREET 1,40.704629,-74.013502,Manhattan,114412.0
68,174,ATL AV-BARCLAY,2345BDNQR,33061.2527473,ATL AV-BARCLAY 2345BDNQR,,,,
69,404,PAVONIA/NEWPORT,1,32200.3186813,PAVONIA/NEWPORT 1,,,,
70,342,KINGS HWY,BQ,32149.1428571,KINGS HWY BQ,40.608835,-73.957769,Brooklyn,47135.0
71,342,KINGS HWY,BQ,32149.1428571,KINGS HWY BQ,40.867688,-73.892739,the Bronx,18610.0
72,342,KINGS HWY,BQ,32149.1428571,KINGS HWY BQ,40.603999,-73.972124,Brooklyn,51985.0
73,342,KINGS HWY,BQ,32149.1428571,KINGS HWY BQ,40.603212,-73.980199,Brooklyn,38225.0
74,62,2 AV,F,32018.1538462,2 AV F,40.604587,-73.998007,Brooklyn,30051.0
75,62,2 AV,F,32018.1538462,2 AV F,40.590266,-73.974051,Brooklyn,43929.0
76,62,2 AV,F,32018.1538462,2 AV F,40.596897,-73.973137,Brooklyn,35539.0
77,62,2 AV,F,32018.1538462,2 AV F,40.609041,-73.972904,Brooklyn,47083.0
78,62,2 AV,F,32018.1538462,2 AV F,40.624301,-73.975817,Brooklyn,44432.0
79,62,2 AV,F,32018.1538462,2 AV F,40.635389,-73.977914,Brooklyn,34313.0
80,62,2 AV,F,32018.1538462,2 AV F,40.667004,-73.981331,Brooklyn,104432.0
81,62,2 AV,F,32018.1538462,2 AV F,40.7232,-73.988863,Manhattan,55565.0
82,4,103 ST-CORONA,7,31588.8681319,103 ST-CORONA 7,40.749787,-73.862389,Queens,47560.0
83,4,103 ST-CORONA,7,31588.8681319,103 ST-CORONA 7,40.751996,-73.993327,Manhattan,51827.0
84,4,103 ST-CORONA,7,31588.8681319,103 ST-CORONA 7,40.659436,-73.979951,Brooklyn,66603.0
85,128,61 ST WOODSIDE,7,31546.9340659,61 ST WOODSIDE 7,40.745717,-73.903063,Queens,46161.0
86,469,WOODHAVEN BLVD,MR,31527.0989011,WOODHAVEN BLVD MR,40.862814,-73.900815,the Bronx,33250.0
87,469,WOODHAVEN BLVD,MR,31527.0989011,WOODHAVEN BLVD MR,40.886737,-73.87812,the Bronx,32889.0
88,469,WOODHAVEN BLVD,MR,31527.0989011,WOODHAVEN BLVD MR,40.816367,-73.895924,the Bronx,18811.0
89,469,WOODHAVEN BLVD,MR,31527.0989011,WOODHAVEN BLVD MR,40.874025,-73.886466,the Bronx,35946.0
90,469,WOODHAVEN BLVD,MR,31527.0989011,WOODHAVEN BLVD MR,40.709316,-73.819773,Queens,55784.0
91,469,WOODHAVEN BLVD,MR,31527.0989011,WOODHAVEN BLVD MR,40.694077,-73.850476,Queens,55759.0
92,469,WOODHAVEN BLVD,MR,31527.0989011,WOODHAVEN BLVD MR,40.688805,-73.904741,Brooklyn,32658.0
93,469,WOODHAVEN BLVD,MR,31527.0989011,WOODHAVEN BLVD MR,40.753428,-73.906847,Queens,68059.0
94,469,WOODHAVEN BLVD,MR,31527.0989011,WOODHAVEN BLVD MR,40.733555,-73.869588,Queens,53750.0
95,153,82 ST-JACKSON H,7,30865.5714286,82 ST-JACKSON H 7,40.816873,-73.907379,the Bronx,28770.0
96,153,82 ST-JACKSON H,7,30865.5714286,82 ST-JACKSON H 7,40.744724,-73.931533,Queens,39146.0
97,153,82 ST-JACKSON H,7,30865.5714286,82 ST-JACKSON H 7,40.747812,-73.883876,Queens,46622.0
98,153,82 ST-JACKSON H,7,30865.5714286,82 ST-JACKSON H 7,40.747238,-73.892146,Queens,53574.0
99,461,WALL ST,45,30831.5934066,WALL ST 45,40.707431,-74.008778,Manhattan,125124.0
100,461,WALL ST,45,30831.5934066,WALL ST 45,40.708436,-74.011298,Manhattan,114412.0
101,461,WALL ST,45,30831.5934066,WALL ST 45,40.754768,-73.845598,Queens,100000.0
102,461,WALL ST,45,30831.5934066,WALL ST 45,40.680944,-73.994247,Brooklyn,98646.0
103,461,WALL ST,45,30831.5934066,WALL ST 45,40.695201,-73.903764,Brooklyn,37885.0
104,135,7 AV,BDE,30811.3736264,7 AV BDE,40.677324,-73.972212,Brooklyn,78438.0
105,135,7 AV,BDE,30811.3736264,7 AV BDE,40.762937,-73.981578,Manhattan,110147.0
106,135,7 AV,BDE,30811.3736264,7 AV BDE,40.719061,-73.837916,Queens,72063.0
107,399,PARKCHESTER,6,30795.4285714,PARKCHESTER 6,40.849128,-73.868213,the Bronx,34375.0
108,399,PARKCHESTER,6,30795.4285714,PARKCHESTER 6,40.879519,-73.837958,the Bronx,36809.0
109,399,PARKCHESTER,6,30795.4285714,PARKCHESTER 6,40.88798,-73.831195,the Bronx,56667.0
110,399,PARKCHESTER,6,30795.4285714,PARKCHESTER 6,40.805155,-73.913208,the Bronx,19542.0
111,399,PARKCHESTER,6,30795.4285714,PARKCHESTER 6,40.833225,-73.860888,the Bronx,44156.0
112,399,PARKCHESTER,6,30795.4285714,PARKCHESTER 6,40.655221,-73.961516,Brooklyn,46105.0
113,232,CANAL ST,ACE,30734.0659341,CANAL ST ACE,40.722497,-74.005994,Manhattan,75556.0
114,232,CANAL ST,ACE,30734.0659341,CANAL ST ACE,40.861187,-73.925078,Manhattan,38502.0
115,232,CANAL ST,ACE,30734.0659341,CANAL ST ACE,40.799033,-73.952058,Manhattan,39338.0
116,232,CANAL ST,ACE,30734.0659341,CANAL ST ACE,40.717823,-74.000326,Manhattan,135573.0
117,232,CANAL ST,ACE,30734.0659341,CANAL ST ACE,40.720758,-74.005399,Manhattan,164656.0
118,232,CANAL ST,ACE,30734.0659341,CANAL ST ACE,40.865342,-73.926964,Manhattan,34387.0
119,247,CHURCH AV,BQ,30610.0989011,CHURCH AV BQ,40.650748,-73.949384,Brooklyn,33816.0
120,247,CHURCH AV,BQ,30610.0989011,CHURCH AV BQ,40.649427,-73.963356,Brooklyn,33856.0
121,247,CHURCH AV,BQ,30610.0989011,CHURCH AV BQ,40.642692,-73.97926,Brooklyn,30000.0
122,114,50 ST,CE,30463.9120879,50 ST CE,40.761212,-73.983357,Manhattan,110147.0
123,114,50 ST,CE,30463.9120879,50 ST CE,40.7629,-73.985412,Manhattan,110147.0
124,114,50 ST,CE,30463.9120879,50 ST CE,40.830921,-73.9411,Manhattan,23375.0
125,114,50 ST,CE,30463.9120879,50 ST CE,40.588066,-73.983498,Brooklyn,47019.0
126,114,50 ST,CE,30463.9120879,50 ST CE,40.636405,-73.994673,Brooklyn,31674.0
127,374,MYRTLE-WYCKOFF,LM,30283.5714286,MYRTLE-WYCKOFF LM,40.6955,-73.94896,Brooklyn,33071.0
128,374,MYRTLE-WYCKOFF,LM,30283.5714286,MYRTLE-WYCKOFF LM,40.699468,-73.910648,Brooklyn,37885.0
129,86,3 AV-149 ST,25,30058.1098901,3 AV-149 ST 25,40.816265,-73.917456,the Bronx,23670.0
130,86,3 AV-149 ST,25,30058.1098901,3 AV-149 ST 25,40.903509,-73.850124,the Bronx,38261.0
131,86,3 AV-149 ST,25,30058.1098901,3 AV-149 ST 25,40.824069,-73.936981,Manhattan,38481.0
132,86,3 AV-149 ST,25,30058.1098901,3 AV-149 ST 25,40.810831,-73.926655,the Bronx,32875.0
133,86,3 AV-149 ST,25,30058.1098901,3 AV-149 ST 25,40.670387,-73.98848,Brooklyn,79444.0
134,338,JOURNAL SQUARE,1,29838.956044,JOURNAL SQUARE 1,40.735184,-73.989793,Manhattan,109637.0
135,338,JOURNAL SQUARE,1,29838.956044,JOURNAL SQUARE 1,40.747371,-73.944287,Queens,81731.0
136,338,JOURNAL SQUARE,1,29838.956044,JOURNAL SQUARE 1,40.733259,-73.999615,Manhattan,114963.0
137,338,JOURNAL SQUARE,1,29838.956044,JOURNAL SQUARE 1,40.749891,-73.987495,Manhattan,76659.0
138,354,LEXINGTON AV/63,F,29809.8461538,LEXINGTON AV/63 F,40.865462,-73.867352,the Bronx,39609.0
139,354,LEXINGTON AV/63,F,29809.8461538,LEXINGTON AV/63 F,40.669261,-73.941948,Brooklyn,41438.0
140,354,LEXINGTON AV/63,F,29809.8461538,LEXINGTON AV/63 F,40.679804,-73.941119,Brooklyn,39837.0
141,354,LEXINGTON AV/63,F,29809.8461538,LEXINGTON AV/63 F,40.683317,-73.966741,Brooklyn,56094.0
142,354,LEXINGTON AV/63,F,29809.8461538,LEXINGTON AV/63 F,40.757636,-73.969623,Manhattan,98977.0
143,354,LEXINGTON AV/63,F,29809.8461538,LEXINGTON AV/63 F,40.764881,-73.966411,Manhattan,152353.0
144,354,LEXINGTON AV/63,F,29809.8461538,LEXINGTON AV/63 F,40.688114,-73.967575,Brooklyn,75607.0
145,354,LEXINGTON AV/63,F,29809.8461538,LEXINGTON AV/63 F,40.730122,-73.954049,Brooklyn,59943.0
146,354,LEXINGTON AV/63,F,29809.8461538,LEXINGTON AV/63 F,40.663749,-73.900482,Brooklyn,57500.0
147,354,LEXINGTON AV/63,F,29809.8461538,LEXINGTON AV/63 F,40.712082,-73.88954,Queens,63617.0
148,171,ASTOR PL,6,29685.4505495,ASTOR PL 6,40.730084,-73.990838,Manhattan,139236.0
149,171,ASTOR PL,6,29685.4505495,ASTOR PL 6,40.834321,-73.85144,the Bronx,44173.0
150,171,ASTOR PL,6,29685.4505495,ASTOR PL 6,40.750835,-73.939671,Queens,58793.0
151,464,WHITEHALL S-FRY,R1,29405.9010989,WHITEHALL S-FRY R1,40.877779,-73.866185,the Bronx,36786.0
152,464,WHITEHALL S-FRY,R1,29405.9010989,WHITEHALL S-FRY R1,40.870039,-73.845724,the Bronx,65208.0
153,464,WHITEHALL S-FRY,R1,29405.9010989,WHITEHALL S-FRY R1,40.701938,-74.012588,Manhattan,124048.0
154,464,WHITEHALL S-FRY,R1,29405.9010989,WHITEHALL S-FRY R1,40.713521,-74.006697,Manhattan,135573.0
155,173,ASTORIA DITMARS,NQ,29006.0769231,ASTORIA DITMARS NQ,40.77087,-73.916935,Queens,56154.0
156,173,ASTORIA DITMARS,NQ,29006.0769231,ASTORIA DITMARS NQ,40.775025,-73.911891,Queens,54510.0
157,410,PRINCE ST,NR,28954.2197802,PRINCE ST NR,40.703454,-73.946536,Brooklyn,39226.0
158,410,PRINCE ST,NR,28954.2197802,PRINCE ST NR,40.683478,-73.872548,Brooklyn,43672.0
159,410,PRINCE ST,NR,28954.2197802,PRINCE ST NR,40.713908,-73.949262,Brooklyn,66875.0
160,410,PRINCE ST,NR,28954.2197802,PRINCE ST NR,40.72422,-73.997633,Manhattan,67449.0
161,410,PRINCE ST,NR,28954.2197802,PRINCE ST NR,40.617363,-74.030404,Brooklyn,51993.0
162,410,PRINCE ST,NR,28954.2197802,PRINCE ST NR,40.677171,-73.98302,Brooklyn,108409.0
163,410,PRINCE ST,NR,28954.2197802,PRINCE ST NR,40.706345,-74.014,Manhattan,114412.0
164,164,96 ST,6,28410.6043956,96 ST 6,40.794312,-73.972015,Manhattan,75481.0
165,164,96 ST,6,28410.6043956,96 ST 6,40.74655,-73.981533,Manhattan,91431.0
166,164,96 ST,6,28410.6043956,96 ST 6,40.773603,-73.959578,Manhattan,168661.0
167,164,96 ST,6,28410.6043956,96 ST 6,40.785903,-73.950695,Manhattan,83158.0
168,164,96 ST,6,28410.6043956,96 ST 6,40.812367,-73.903797,the Bronx,23647.0
169,164,96 ST,6,28410.6043956,96 ST 6,40.746509,-73.896268,Queens,43176.0
170,164,96 ST,6,28410.6043956,96 ST 6,40.79165015,-73.96471381,Manhattan,77686.0
171,164,96 ST,6,28410.6043956,96 ST 6,40.756868,-73.914303,Queens,57868.0
172,164,96 ST,6,28410.6043956,96 ST 6,40.74933,-73.897382,Queens,58558.0
173,164,96 ST,6,28410.6043956,96 ST 6,40.760454,-73.983388,Manhattan,125787.0
174,393,NOSTRAND AV,AC,28384.3186813,NOSTRAND AV AC,40.67511,-73.970822,Brooklyn,109329.0
175,393,NOSTRAND AV,AC,28384.3186813,NOSTRAND AV AC,40.819684,-73.901348,the Bronx,26250.0
176,393,NOSTRAND AV,AC,28384.3186813,NOSTRAND AV AC,40.8224,-73.896508,the Bronx,17723.0
177,393,NOSTRAND AV,AC,28384.3186813,NOSTRAND AV AC,40.898323,-73.854288,the Bronx,42880.0
178,393,NOSTRAND AV,AC,28384.3186813,NOSTRAND AV AC,40.664869,-73.893779,Brooklyn,25242.0
179,393,NOSTRAND AV,AC,28384.3186813,NOSTRAND AV AC,40.661558,-73.915225,Brooklyn,42431.0
180,393,NOSTRAND AV,AC,28384.3186813,NOSTRAND AV AC,40.669711,-73.950247,Brooklyn,36607.0
181,393,NOSTRAND AV,AC,28384.3186813,NOSTRAND AV AC,40.844389,-73.914578,the Bronx,51597.0
182,393,NOSTRAND AV,AC,28384.3186813,NOSTRAND AV AC,40.836954,-73.846653,the Bronx,43984.0
183,393,NOSTRAND AV,AC,28384.3186813,NOSTRAND AV AC,40.669339,-73.834721,Queens,74129.0
184,393,NOSTRAND AV,AC,28384.3186813,NOSTRAND AV AC,40.676735,-73.865491,Brooklyn,51750.0
185,393,NOSTRAND AV,AC,28384.3186813,NOSTRAND AV AC,40.680228,-73.949414,Brooklyn,36691.0
186,393,NOSTRAND AV,AC,28384.3186813,NOSTRAND AV AC,40.754832,-73.983657,Manhattan,69250.0
187,393,NOSTRAND AV,AC,28384.3186813,NOSTRAND AV AC,40.851176,-73.904263,the Bronx,20039.0
188,393,NOSTRAND AV,AC,28384.3186813,NOSTRAND AV AC,40.678984,-73.921442,Brooklyn,44229.0
189,393,NOSTRAND AV,AC,28384.3186813,NOSTRAND AV AC,40.580576,-73.974443,Brooklyn,42514.0
190,393,NOSTRAND AV,AC,28384.3186813,NOSTRAND AV AC,40.759016,-73.953505,Manhattan,74109.0
191,393,NOSTRAND AV,AC,28384.3186813,NOSTRAND AV AC,40.689367,-73.954957,Brooklyn,34717.0
192,393,NOSTRAND AV,AC,28384.3186813,NOSTRAND AV AC,40.713744,-73.951455,Brooklyn,63339.0
193,393,NOSTRAND AV,AC,28384.3186813,NOSTRAND AV AC,40.723765,-73.950566,Brooklyn,65559.0
194,393,NOSTRAND AV,AC,28384.3186813,NOSTRAND AV AC,40.681643,-73.878984,Brooklyn,48556.0
195,393,NOSTRAND AV,AC,28384.3186813,NOSTRAND AV AC,40.717821,-73.957568,Brooklyn,57969.0
196,393,NOSTRAND AV,AC,28384.3186813,NOSTRAND AV AC,40.707819,-73.939749,Brooklyn,23865.0
197,393,NOSTRAND AV,AC,28384.3186813,NOSTRAND AV AC,40.706073,-73.933633,Brooklyn,59762.0
198,393,NOSTRAND AV,AC,28384.3186813,NOSTRAND AV AC,40.698033,-73.926371,Brooklyn,47868.0
199,393,NOSTRAND AV,AC,28384.3186813,NOSTRAND AV AC,40.665299,-73.992729,Brooklyn,56083.0
200,150,8 ST-NYU,NR,28384.1098901,8 ST-NYU NR,40.575929,-73.976747,Brooklyn,34984.0
201,150,8 ST-NYU,NR,28384.1098901,8 ST-NYU NR,40.73038524,-73.99218248,Manhattan,139236.0
202,284,FLATBUSH AV-B.C,25,28365.8241758,FLATBUSH AV-B.C 25,40.63275,-73.947375,Brooklyn,37073.0
203,284,FLATBUSH AV-B.C,25,28365.8241758,FLATBUSH AV-B.C 25,40.871215,-73.867043,the Bronx,39611.0
204,284,FLATBUSH AV-B.C,25,28365.8241758,FLATBUSH AV-B.C 25,40.666285,-73.883276,Brooklyn,45769.0
205,284,FLATBUSH AV-B.C,25,28365.8241758,FLATBUSH AV-B.C 25,40.847185,-73.832264,the Bronx,49795.0
206,284,FLATBUSH AV-B.C,25,28365.8241758,FLATBUSH AV-B.C 25,40.685789,-73.97276,Brooklyn,60000.0
207,284,FLATBUSH AV-B.C,25,28365.8241758,FLATBUSH AV-B.C 25,40.688781,-73.959871,Brooklyn,37370.0
208,284,FLATBUSH AV-B.C,25,28365.8241758,FLATBUSH AV-B.C 25,40.699985,-73.949895,Brooklyn,19595.0
209,284,FLATBUSH AV-B.C,25,28365.8241758,FLATBUSH AV-B.C 25,40.700847,-73.94171,Brooklyn,39226.0
210,284,FLATBUSH AV-B.C,25,28365.8241758,FLATBUSH AV-B.C 25,40.690142,-73.923062,Brooklyn,35000.0
211,284,FLATBUSH AV-B.C,25,28365.8241758,FLATBUSH AV-B.C 25,40.6823,-73.905149,Brooklyn,44213.0
212,284,FLATBUSH AV-B.C,25,28365.8241758,FLATBUSH AV-B.C 25,40.659041,-73.899409,Brooklyn,30069.0
213,256,CONEY IS-STILLW,DFNQ,27775.8901099,CONEY IS-STILLW DFNQ,40.5769,-73.980846,Brooklyn,34984.0
214,111,5 AV/59 ST,NQR,27740.2637363,5 AV/59 ST NQR,40.760373,-73.975562,Manhattan,71618.0
215,111,5 AV/59 ST,NQR,27740.2637363,5 AV/59 ST NQR,40.764657,-73.972229,Manhattan,171000.0
216,330,JAMAICA 179 ST,F,27628.2637363,JAMAICA 179 ST F,40.591166,-73.796173,Queens,46210.0
217,330,JAMAICA 179 ST,F,27628.2637363,JAMAICA 179 ST F,40.701263,-73.816372,Queens,49496.0
218,330,JAMAICA 179 ST,F,27628.2637363,JAMAICA 179 ST F,40.674725,-73.997505,Brooklyn,99543.0
219,330,JAMAICA 179 ST,F,27628.2637363,JAMAICA 179 ST F,40.712581,-73.783377,Queens,47813.0
220,249,CITY / BUS,1,27504.4065934,CITY / BUS 1,,,,
221,245,CHRISTOPHER ST,1,27338.2417582,CHRISTOPHER ST 1,40.708107,-74.013445,Manhattan,114412.0
222,245,CHRISTOPHER ST,1,27338.2417582,CHRISTOPHER ST 1,40.733402,-74.002748,Manhattan,104857.0
223,245,CHRISTOPHER ST,1,27338.2417582,CHRISTOPHER ST 1,40.804257,-73.966422,Manhattan,57198.0
224,245,CHRISTOPHER ST,1,27338.2417582,CHRISTOPHER ST 1,40.889946,-73.897798,the Bronx,42939.0
225,245,CHRISTOPHER ST,1,27338.2417582,CHRISTOPHER ST 1,40.657184,-73.949976,Brooklyn,44444.0
226,245,CHRISTOPHER ST,1,27338.2417582,CHRISTOPHER ST 1,40.840128,-73.842875,the Bronx,31599.0
227,308,GRAND-NEWTOWN,MR,26540.967033,GRAND-NEWTOWN MR,40.843935,-73.836386,the Bronx,49795.0
228,308,GRAND-NEWTOWN,MR,26540.967033,GRAND-NEWTOWN MR,40.736277,-73.876424,Queens,55488.0
229,282,EXCHANGE PLACE,1,26125.3406593,EXCHANGE PLACE 1,40.712712,-74.007766,Manhattan,205192.0
230,282,EXCHANGE PLACE,1,26125.3406593,EXCHANGE PLACE 1,40.748807,-73.937057,Queens,81731.0
231,282,EXCHANGE PLACE,1,26125.3406593,EXCHANGE PLACE 1,40.749907,-73.937057,Queens,81731.0
232,446,TIMES SQ-42 ST,ACENQRS1237,26120.0769231,TIMES SQ-42 ST ACENQRS1237,40.754301,-73.986623,Manhattan,118487.0
233,446,TIMES SQ-42 ST,ACENQRS1237,26120.0769231,TIMES SQ-42 ST ACENQRS1237,40.841078,-73.879397,the Bronx,14191.0
234,39,161/YANKEE STAD,BD4,25920.5714286,161/YANKEE STAD BD4,40.827707,-73.9259,the Bronx,29923.0
235,39,161/YANKEE STAD,BD4,25920.5714286,161/YANKEE STAD BD4,40.828011,-73.925588,the Bronx,38624.0
236,22,137 ST CITY COL,1,25568.1758242,137 ST CITY COL 1,40.821454,-73.953856,Manhattan,27477.0
237,451,UTICA AV,AC,25563.3626374,UTICA AV AC,40.669102,-73.934213,Brooklyn,35072.0
238,451,UTICA AV,AC,25563.3626374,UTICA AV AC,40.827295,-73.886082,the Bronx,17614.0
239,451,UTICA AV,AC,25563.3626374,UTICA AV AC,40.675533,-73.871742,Brooklyn,31453.0
240,451,UTICA AV,AC,25563.3626374,UTICA AV AC,40.679346,-73.931987,Brooklyn,39837.0
241,451,UTICA AV,AC,25563.3626374,UTICA AV AC,40.672479,-73.890164,Brooklyn,17861.0
242,451,UTICA AV,AC,25563.3626374,UTICA AV AC,40.674268,-73.896312,Brooklyn,26827.0
243,451,UTICA AV,AC,25563.3626374,UTICA AV AC,40.678317,-73.913651,Brooklyn,42206.0
244,451,UTICA AV,AC,25563.3626374,UTICA AV AC,40.67538,-73.902612,Brooklyn,26827.0
245,120,57 ST,F,25343.7252747,57 ST F,40.743933,-73.913003,Queens,47021.0
246,120,57 ST,F,25343.7252747,57 ST F,40.631389,-73.995262,Brooklyn,39271.0
247,120,57 ST,F,25343.7252747,57 ST F,40.70138,-73.986655,Brooklyn,167737.0
248,120,57 ST,F,25343.7252747,57 ST F,40.764564,-73.97683,Manhattan,144659.0
249,120,57 ST,F,25343.7252747,57 ST F,40.765639,-73.979764,Manhattan,131250.0
250,120,57 ST,F,25343.7252747,57 ST F,40.649389,-74.009333,Brooklyn,41354.0
251,102,42 ST-PORT AUTH,ACENGRS1237,25334.1098901,42 ST-PORT AUTH ACENGRS1237,40.758401,-73.988673,Manhattan,56764.0
252,125,59 ST COLUMBUS,1ABCD,25116.7032967,59 ST COLUMBUS 1ABCD,40.767367,-73.982137,Manhattan,131250.0
253,83,28 ST,NR,24633.7362637,28 ST NR,40.745089,-73.988472,Manhattan,138750.0
254,83,28 ST,NR,24633.7362637,28 ST NR,40.660489,-73.99822,Brooklyn,42253.0
255,43,168 ST,1AC,24480.4395604,168 ST 1AC,40.840717,-73.93972,Manhattan,37905.0
256,43,168 ST,1AC,24480.4395604,168 ST 1AC,40.592292,-73.789153,Queens,69209.0
257,43,168 ST,1AC,24480.4395604,168 ST 1AC,40.84176,-73.939067,Manhattan,33975.0
258,71,23 ST,1,24373.3296703,23 ST 1,40.74412,-73.995348,Manhattan,114655.0
259,71,23 ST,1,24373.3296703,23 ST 1,40.799584,-73.968091,Manhattan,88445.0
260,71,23 ST,1,24373.3296703,23 ST 1,40.879091,-73.904538,the Bronx,38603.0
261,71,23 ST,1,24373.3296703,23 ST 1,40.89337,-73.857265,the Bronx,47861.0
262,71,23 ST,1,24373.3296703,23 ST 1,40.742825,-73.992383,Manhattan,138750.0
263,87,30 AV,NQ,24203.1758242,30 AV NQ,40.733122,-73.986548,Manhattan,90241.0
264,87,30 AV,NQ,24203.1758242,30 AV NQ,40.617341,-73.98484,Brooklyn,48080.0
265,87,30 AV,NQ,24203.1758242,30 AV NQ,40.752901,-73.932903,Queens,55184.0
266,87,30 AV,NQ,24203.1758242,30 AV NQ,40.756796,-73.92974,Queens,58973.0
267,87,30 AV,NQ,24203.1758242,30 AV NQ,40.766963,-73.921192,Queens,43396.0
268,87,30 AV,NQ,24203.1758242,30 AV NQ,40.598991,-73.955828,Brooklyn,41591.0
269,87,30 AV,NQ,24203.1758242,30 AV NQ,40.62514,-73.960798,Brooklyn,54250.0
270,87,30 AV,NQ,24203.1758242,30 AV NQ,40.629884,-73.961882,Brooklyn,54250.0
271,123,59 ST,NQR456,24112.3777778,59 ST NQR456,40.762255,-73.965918,Manhattan,104835.0
272,123,59 ST,NQR456,24112.3777778,59 ST NQR456,40.641633,-74.017362,Brooklyn,35195.0
273,432,SOUTH FERRY,1R,23749.4175824,SOUTH FERRY 1R,40.701961,-74.013397,Manhattan,124048.0
274,432,SOUTH FERRY,1R,23749.4175824,SOUTH FERRY 1R,40.879899,-73.884244,the Bronx,31801.0
275,432,SOUTH FERRY,1R,23749.4175824,SOUTH FERRY 1R,40.720291,-73.993411,Manhattan,42775.0
276,456,VERNON-JACKSON,7,23649.7472527,VERNON-JACKSON 7,40.742496,-73.952482,Queens,62031.0
277,152,81 ST-MUSEUM,BC,23546.1648352,81 ST-MUSEUM BC,40.692315,-73.985172,Brooklyn,66023.0
278,152,81 ST-MUSEUM,BC,23546.1648352,81 ST-MUSEUM BC,40.782254,-73.971741,Manhattan,122674.0
279,152,81 ST-MUSEUM,BC,23546.1648352,81 ST-MUSEUM BC,40.835192,-73.940146,Manhattan,33860.0
280,152,81 ST-MUSEUM,BC,23546.1648352,81 ST-MUSEUM BC,40.754255,-73.941935,Queens,58793.0
281,149,8 AV,N,23439.7692308,8 AV N,40.607602,-74.001491,Brooklyn,39524.0
282,149,8 AV,N,23439.7692308,8 AV N,40.614304,-73.97391,Brooklyn,44948.0
283,149,8 AV,N,23439.7692308,8 AV N,40.628708,-73.976646,Brooklyn,48906.0
284,149,8 AV,N,23439.7692308,8 AV N,40.596459,-73.978943,Brooklyn,40037.0
285,149,8 AV,N,23439.7692308,8 AV N,40.621306,-73.991469,Brooklyn,48375.0
286,149,8 AV,N,23439.7692308,8 AV N,40.634552,-74.010726,Brooklyn,40726.0
287,437,STEINWAY ST,MR,23383.989011,STEINWAY ST MR,40.688085,-73.980243,Brooklyn,83688.0
288,437,STEINWAY ST,MR,23383.989011,STEINWAY ST MR,40.868036,-73.919284,Manhattan,51757.0
289,437,STEINWAY ST,MR,23383.989011,STEINWAY ST MR,40.800866,-73.958405,Manhattan,57083.0
290,437,STEINWAY ST,MR,23383.989011,STEINWAY ST MR,40.70278,-73.907515,Queens,43271.0
291,437,STEINWAY ST,MR,23383.989011,STEINWAY ST MR,40.758279,-73.919433,Queens,36552.0
292,428,SHEEPSHEAD BAY,BQ,23362.1978022,SHEEPSHEAD BAY BQ,40.585734,-73.954371,Brooklyn,33616.0
293,428,SHEEPSHEAD BAY,BQ,23362.1978022,SHEEPSHEAD BAY BQ,40.67397,-73.880667,Brooklyn,38021.0
294,266,DEKALB AV,BDNQR,23296.3846154,DEKALB AV BDNQR,40.828688,-73.879018,the Bronx,30082.0
295,266,DEKALB AV,BDNQR,23296.3846154,DEKALB AV BDNQR,40.635034,-73.962736,Brooklyn,50408.0
296,266,DEKALB AV,BDNQR,23296.3846154,DEKALB AV BDNQR,40.689817,-73.981082,Brooklyn,83688.0
297,266,DEKALB AV,BDNQR,23296.3846154,DEKALB AV BDNQR,40.704379,-73.919026,Brooklyn,40441.0
298,12,116 ST,6,23207.4615385,116 ST 6,40.802111,-73.949437,Manhattan,55469.0
299,12,116 ST,6,23207.4615385,116 ST 6,40.835726,-73.921059,the Bronx,29678.0
300,12,116 ST,6,23207.4615385,116 ST 6,40.848501,-73.911633,the Bronx,32500.0
301,12,116 ST,6,23207.4615385,116 ST 6,40.798742,-73.941406,Manhattan,28567.0
302,12,116 ST,6,23207.4615385,116 ST 6,40.804428,-73.955024,Manhattan,40058.0
303,12,116 ST,6,23207.4615385,116 ST 6,40.834609,-73.917245,the Bronx,21891.0
304,12,116 ST,6,23207.4615385,116 ST 6,40.709852,-73.794564,Queens,28308.0
305,162,90 ST-ELMHURST,7,23134.6043956,90 ST-ELMHURST 7,40.743882,-73.924112,Queens,41121.0
306,162,90 ST-ELMHURST,7,23134.6043956,90 ST-ELMHURST 7,40.748318,-73.876432,Queens,37190.0
307,162,90 ST-ELMHURST,7,23134.6043956,90 ST-ELMHURST 7,40.759953,-73.980117,Manhattan,71618.0
308,162,90 ST-ELMHURST,7,23134.6043956,90 ST-ELMHURST 7,40.691285,-73.866425,Queens,60651.0
309,162,90 ST-ELMHURST,7,23134.6043956,90 ST-ELMHURST 7,40.742937,-73.882708,Queens,42969.0
310,146,79 ST,1,22929.7032967,79 ST 1,40.779146,-73.981822,Manhattan,115833.0
311,146,79 ST,1,22929.7032967,79 ST 1,40.783985,-73.979662,Manhattan,108281.0
312,146,79 ST,1,22929.7032967,79 ST 1,40.83386,-73.94462,Manhattan,43805.0
313,146,79 ST,1,22929.7032967,79 ST 1,40.864599,-73.918681,Manhattan,25121.0
314,146,79 ST,1,22929.7032967,79 ST 1,40.776431,-73.975977,Manhattan,95926.0
315,146,79 ST,1,22929.7032967,79 ST 1,40.614018,-74.000378,Brooklyn,49349.0
316,146,79 ST,1,22929.7032967,79 ST 1,40.62036,-73.99855,Brooklyn,57938.0
317,146,79 ST,1,22929.7032967,79 ST 1,40.629503,-74.025452,Brooklyn,71904.0
318,7,110 ST,6,22395.6703297,110 ST 6,40.840076,-73.917648,the Bronx,26756.0
319,7,110 ST,6,22395.6703297,110 ST 6,40.790193,-73.947649,Manhattan,37174.0
320,7,110 ST,6,22395.6703297,110 ST 6,40.794811,-73.944235,Manhattan,33176.0
321,7,110 ST,6,22395.6703297,110 ST 6,40.85895412,-73.93261526,Manhattan,81563.0
322,7,110 ST,6,22395.6703297,110 ST 6,40.796263,-73.96161,Manhattan,33482.0
323,7,110 ST,6,22395.6703297,110 ST 6,40.839751,-73.912743,the Bronx,32036.0
324,7,110 ST,6,22395.6703297,110 ST 6,40.695267,-73.843223,Queens,88304.0
325,7,110 ST,6,22395.6703297,110 ST 6,40.651278,-73.898862,Brooklyn,37688.0
326,433,SPRING ST,6,21940.8681319,SPRING ST 6,40.663226,-73.95067,Brooklyn,37239.0
327,433,SPRING ST,6,21940.8681319,SPRING ST 6,40.668145,-73.950458,Brooklyn,36607.0
328,433,SPRING ST,6,21940.8681319,SPRING ST 6,40.824358,-73.892724,the Bronx,14940.0
329,433,SPRING ST,6,21940.8681319,SPRING ST 6,40.722235,-73.996818,Manhattan,67449.0
330,433,SPRING ST,6,21940.8681319,SPRING ST 6,40.829641,-73.874447,the Bronx,25017.0
331,433,SPRING ST,6,21940.8681319,SPRING ST 6,40.759946,-73.828414,Queens,39861.0
332,433,SPRING ST,6,21940.8681319,SPRING ST 6,40.699405,-73.991413,Brooklyn,87806.0
333,433,SPRING ST,6,21940.8681319,SPRING ST 6,40.725583,-74.003747,Manhattan,92500.0
334,106,46 ST BLISS ST,7,21925.8131868,46 ST BLISS ST 7,40.80834,-73.907618,the Bronx,37167.0
335,106,46 ST BLISS ST,7,21925.8131868,46 ST BLISS ST 7,40.743217,-73.918564,Queens,44000.0
336,106,46 ST BLISS ST,7,21925.8131868,46 ST BLISS ST 7,40.71841,-73.987181,Manhattan,29554.0
337,81,28 ST,1,21344.8021978,28 ST 1,40.747216,-73.993121,Manhattan,107375.0
338,81,28 ST,1,21344.8021978,28 ST 1,40.869729,-73.914954,Manhattan,25121.0
339,81,28 ST,1,21344.8021978,28 ST 1,40.885226,-73.900439,the Bronx,38603.0
340,361,MARCY AV,JMZ,21138.4395604,MARCY AV JMZ,40.708788,-73.958826,Brooklyn,16139.0
341,361,MARCY AV,JMZ,21138.4395604,MARCY AV JMZ,40.696893,-73.935461,Brooklyn,23665.0
342,361,MARCY AV,JMZ,21138.4395604,MARCY AV JMZ,40.676803,-73.89951,Brooklyn,36812.0
343,361,MARCY AV,JMZ,21138.4395604,MARCY AV JMZ,40.677864,-73.891566,Brooklyn,36812.0
344,361,MARCY AV,JMZ,21138.4395604,MARCY AV JMZ,40.698717,-73.918655,Brooklyn,25020.0
345,222,BROADWAY,NQ,21044.2637363,BROADWAY NQ,40.662401,-73.908809,Brooklyn,31656.0
346,222,BROADWAY,NQ,21044.2637363,BROADWAY NQ,40.608007,-73.815967,Queens,78203.0
347,222,BROADWAY,NQ,21044.2637363,BROADWAY NQ,40.680158,-73.845131,Queens,56743.0
348,222,BROADWAY,NQ,21044.2637363,BROADWAY NQ,40.678334,-73.903922,Brooklyn,51691.0
349,222,BROADWAY,NQ,21044.2637363,BROADWAY NQ,40.725499,-73.996387,Manhattan,116250.0
350,222,BROADWAY,NQ,21044.2637363,BROADWAY NQ,40.705114,-73.950062,Brooklyn,29356.0
351,222,BROADWAY,NQ,21044.2637363,BROADWAY NQ,40.610572,-73.981613,Brooklyn,35918.0
352,222,BROADWAY,NQ,21044.2637363,BROADWAY NQ,40.630609,-74.004067,Brooklyn,26719.0
353,222,BROADWAY,NQ,21044.2637363,BROADWAY NQ,40.762217,-73.925349,Queens,51903.0
354,321,HOUSTON ST,1,20843.9340659,HOUSTON ST 1,40.728656,-74.005086,Manhattan,74706.0
355,321,HOUSTON ST,1,20843.9340659,HOUSTON ST 1,40.690931,-73.98525,Brooklyn,66023.0
356,321,HOUSTON ST,1,20843.9340659,HOUSTON ST 1,40.711026,-74.00919,Manhattan,114412.0
357,321,HOUSTON ST,1,20843.9340659,HOUSTON ST 1,40.663426,-73.902636,Brooklyn,31656.0
358,321,HOUSTON ST,1,20843.9340659,HOUSTON ST 1,40.688396,-73.984216,Brooklyn,73750.0
359,321,HOUSTON ST,1,20843.9340659,HOUSTON ST 1,40.710211,-74.007584,Manhattan,62927.0
360,321,HOUSTON ST,1,20843.9340659,HOUSTON ST 1,40.687159,-73.97629,Brooklyn,83688.0
361,321,HOUSTON ST,1,20843.9340659,HOUSTON ST 1,40.692929,-73.92794,Brooklyn,50565.0
362,321,HOUSTON ST,1,20843.9340659,HOUSTON ST 1,40.707229,-73.923725,Brooklyn,52512.0
363,292,FRANKLIN AV,2345S,20712.7252747,FRANKLIN AV 2345S,40.719918,-74.00662,Manhattan,164656.0
364,292,FRANKLIN AV,2345S,20712.7252747,FRANKLIN AV 2345S,40.639924,-73.948161,Brooklyn,40096.0
365,292,FRANKLIN AV,2345S,20712.7252747,FRANKLIN AV 2345S,40.670732,-73.957696,Brooklyn,35233.0
366,292,FRANKLIN AV,2345S,20712.7252747,FRANKLIN AV 2345S,40.665431,-73.888386,Brooklyn,45769.0
367,292,FRANKLIN AV,2345S,20712.7252747,FRANKLIN AV 2345S,40.853596,-73.907393,the Bronx,26172.0
368,292,FRANKLIN AV,2345S,20712.7252747,FRANKLIN AV 2345S,40.681256,-73.95559,Brooklyn,39523.0
369,129,63 DR-REGO PARK,MR,20712.6373626,63 DR-REGO PARK MR,40.854544,-73.860248,the Bronx,70000.0
370,129,63 DR-REGO PARK,MR,20712.6373626,63 DR-REGO PARK MR,40.662727,-73.962249,Brooklyn,42546.0
371,129,63 DR-REGO PARK,MR,20712.6373626,63 DR-REGO PARK MR,40.692381,-73.858975,Queens,56029.0
372,129,63 DR-REGO PARK,MR,20712.6373626,63 DR-REGO PARK MR,40.645957,-73.901755,Brooklyn,57794.0
373,129,63 DR-REGO PARK,MR,20712.6373626,63 DR-REGO PARK MR,40.730037,-73.861343,Queens,53667.0
374,56,181 ST,1,20411.1978022,181 ST 1,40.741617,-73.997197,Manhattan,110642.0
375,56,181 ST,1,20411.1978022,181 ST 1,40.826513,-73.950162,Manhattan,37018.0
376,56,181 ST,1,20411.1978022,181 ST 1,40.849435,-73.933428,Manhattan,27324.0
377,56,181 ST,1,20411.1978022,181 ST 1,40.856413,-73.932605,Manhattan,38994.0
378,56,181 ST,1,20411.1978022,181 ST 1,40.841453,-73.872892,the Bronx,13750.0
379,56,181 ST,1,20411.1978022,181 ST 1,40.813091,-73.929689,the Bronx,16580.0
380,56,181 ST,1,20411.1978022,181 ST 1,40.858453,-73.90369,the Bronx,23029.0
381,56,181 ST,1,20411.1978022,181 ST 1,40.751551,-73.855628,Queens,42169.0
382,56,181 ST,1,20411.1978022,181 ST 1,40.851695,-73.937969,Manhattan,70644.0
383,56,181 ST,1,20411.1978022,181 ST 1,40.846354,-73.909047,the Bronx,25769.0
384,56,181 ST,1,20411.1978022,181 ST 1,40.856039,-73.900449,the Bronx,24252.0
385,56,181 ST,1,20411.1978022,181 ST 1,40.696771,-73.837042,Queens,57316.0
386,56,181 ST,1,20411.1978022,181 ST 1,40.70052,-73.829231,Queens,53861.0
387,243,CHAMBERS ST,JZ456,20292.9333333,CHAMBERS ST JZ456,40.714199,-74.003187,Manhattan,135573.0
388,243,CHAMBERS ST,JZ456,20292.9333333,CHAMBERS ST JZ456,40.707248,-73.954326,Brooklyn,35373.0
389,243,CHAMBERS ST,JZ456,20292.9333333,CHAMBERS ST JZ456,40.685946,-73.915713,Brooklyn,31953.0
390,243,CHAMBERS ST,JZ456,20292.9333333,CHAMBERS ST JZ456,40.683417,-73.911242,Brooklyn,27301.0
391,276,EAST BROADWAY,F,20242.4065934,EAST BROADWAY F,40.672122,-73.964154,Brooklyn,59617.0
392,276,EAST BROADWAY,F,20242.4065934,EAST BROADWAY F,40.858029,-73.867481,the Bronx,39609.0
393,276,EAST BROADWAY,F,20242.4065934,EAST BROADWAY F,40.858804,-73.855515,the Bronx,70309.0
394,276,EAST BROADWAY,F,20242.4065934,EAST BROADWAY F,40.853041,-73.826991,the Bronx,46875.0
395,276,EAST BROADWAY,F,20242.4065934,EAST BROADWAY F,40.747025,-73.891413,Queens,53574.0
396,276,EAST BROADWAY,F,20242.4065934,EAST BROADWAY F,40.604657,-73.754178,Queens,58281.0
397,276,EAST BROADWAY,F,20242.4065934,EAST BROADWAY F,40.601898,-73.993538,Brooklyn,36818.0
398,276,EAST BROADWAY,F,20242.4065934,EAST BROADWAY F,40.620825,-73.975138,Brooklyn,41179.0
399,276,EAST BROADWAY,F,20242.4065934,EAST BROADWAY F,40.714404,-73.989918,Manhattan,86806.0
400,276,EAST BROADWAY,F,20242.4065934,EAST BROADWAY F,40.576234,-73.967561,Brooklyn,27161.0
401,471,WORLD TRADE CTR,ACE23,20241.2637363,WORLD TRADE CTR ACE23,40.713333,-74.009033,Manhattan,205192.0
402,471,WORLD TRADE CTR,ACE23,20241.2637363,WORLD TRADE CTR ACE23,40.713663,-73.830011,Queens,64428.0
403,471,WORLD TRADE CTR,ACE23,20241.2637363,WORLD TRADE CTR ACE23,40.624246,-73.995962,Brooklyn,41827.0
404,112,5 AVE,7BDFM,20199.1428571,5 AVE 7BDFM,40.753409,-73.98113,Manhattan,129625.0
405,112,5 AVE,7BDFM,20199.1428571,5 AVE 7BDFM,40.597889,-73.986958,Brooklyn,47779.0
406,112,5 AVE,7BDFM,20199.1428571,5 AVE 7BDFM,40.646337,-73.994489,Brooklyn,36045.0
407,112,5 AVE,7BDFM,20199.1428571,5 AVE 7BDFM,40.727073,-73.853226,Queens,65886.0
408,112,5 AVE,7BDFM,20199.1428571,5 AVE 7BDFM,40.617928,-73.959454,Brooklyn,49762.0
409,96,36 ST,DNR,20167.7142857,36 ST DNR,40.595469,-73.767919,Queens,43964.0
410,96,36 ST,DNR,20167.7142857,36 ST DNR,40.627299,-73.996465,Brooklyn,42350.0
411,96,36 ST,DNR,20167.7142857,36 ST DNR,40.654365,-74.004113,Brooklyn,31463.0
412,96,36 ST,DNR,20167.7142857,36 ST DNR,40.751868,-73.930585,Queens,55184.0
413,32,149/GRAND CONC,245,19940.9450549,149/GRAND CONC 245,40.818405,-73.927101,the Bronx,16580.0
414,14,116 ST-COLUMBIA,1,19846.2857143,116 ST-COLUMBIA 1,40.808245,-73.963495,Manhattan,26406.0
415,17,125 ST,23,19809.989011,125 ST 23,40.81523,-73.958366,Manhattan,51825.0
416,17,125 ST,23,19809.989011,125 ST 23,40.807875,-73.945229,Manhattan,64286.0
417,17,125 ST,23,19809.989011,125 ST 23,40.814188,-73.940618,Manhattan,55591.0
418,17,125 ST,23,19809.989011,125 ST 23,40.883439,-73.862743,the Bronx,34010.0
419,17,125 ST,23,19809.989011,125 ST 23,40.88766,-73.860444,the Bronx,37885.0
420,17,125 ST,23,19809.989011,125 ST 23,40.820602,-73.935933,Manhattan,38481.0
421,17,125 ST,23,19809.989011,125 ST 23,40.804517,-73.937186,Manhattan,15625.0
422,17,125 ST,23,19809.989011,125 ST 23,40.59967,-73.761596,Queens,43964.0
423,17,125 ST,23,19809.989011,125 ST 23,40.811858,-73.951351,Manhattan,31875.0
424,17,125 ST,23,19809.989011,125 ST 23,40.847859,-73.939303,Manhattan,44458.0
425,17,125 ST,23,19809.989011,125 ST 23,40.817188,-73.947665,Manhattan,51005.0
426,17,125 ST,23,19809.989011,125 ST 23,40.830313,-73.936687,Manhattan,18720.0
427,211,BLEECKER ST,6DF,19154.4065934,BLEECKER ST 6DF,40.725845,-73.99432,Manhattan,116250.0
428,211,BLEECKER ST,6DF,19154.4065934,BLEECKER ST 6DF,40.686727,-73.990269,Brooklyn,95781.0
429,218,BRIGHTON BEACH,BQ,19139.1098901,BRIGHTON BEACH BQ,40.692548,-73.990099,Brooklyn,79231.0
430,218,BRIGHTON BEACH,BQ,19139.1098901,BRIGHTON BEACH BQ,40.660372,-73.830369,Queens,72052.0
431,218,BRIGHTON BEACH,BQ,19139.1098901,BRIGHTON BEACH BQ,40.577986,-73.960258,Brooklyn,28398.0
